,comentario,sentimento
0,"Vai continuar a mesma,  eles vão para defesa do consumidor e vira danos moraes com perdas , leis aqui é oara os amigos yifo, para os adversários a regra dira da lei.",
1, se você pagar uma assinatura mensal eu coloco. No Instagram eu não ganho dinheiro,
2,"Ne isso kkkk, esses adv de instagram vivem disso",
3,"Propõe o que? Ter sua mala extraviada e deixar pra lá apenas pq gosta de aviação? Se vc contratar um serviço e esse serviço não for prestado conforme o contratado, vc deixa para lá?",
4,😂😂😂😂😂😂😂😂😂😂,
5,"Com base em manchetes assim, o “tio do zap”, que só lê as headlines, divulga informações incorretas. É compreensível, pq o clickbait atrai muitos acessos!",
6,"Quer dizer que se perder a bagagem com seus pertences e compras feitas no exterior você só recebe R$164,00 ?",
7,"Deveria limitar pra todos os tipos de danos morais, nacional, internacional...",
8," e sim, um site sobrevive de acessos quando tem conteúdo gratuito. Se vamos falar de apelação em divulgação nas redes sociais. Não vou nem comentar. Uma boa noite",
9," mexeu no mercado secreto deles, vão surtar sem criar vitimização. Kkkkkk",
10, arrume outra maneira de monetizar,
11,"Querida Jessica, dá um Google no meu nome. Haters não passarão! 😉",
12, 😉,
13,"O título da matéria precisa ser mais claro. 
O STF limita as indenizações reparatorias de DANOS MATERIAIS, em casos de dano ou extravio de bagagem ocorrido em voo internacional. 
Os DANOS MORAIS não possuem qualquer tipo de limitação e são apreciados à luz do Código de Defesa do Consumidor.",
14," o título da matéria é apenas um pré chamado, tem que ler a notícia. O pessoal quer ler a matéria no título",
15,Uma simples gorjeta e por isso interessante é declarar o valor da bagagem,
16,Kkkkk $tf sempre !!!,
17," então bota a matéria completa pra facilitar, amigo",
18," a limitação da reparação do dano material é de 1000 DES, algo em torno de R$7657,80, na cotação atual.",
19,"Resumindo a história: Caso dividam a conta, os aeroportos vão aumentar as taxas de pouso/decolagem, aumentar o aluguel da loja de pão de queijo… As companhias aéreas vão repassar esse reajuste para os clientes, assim como os restaurantes… em resumo, os passageiros vão continuar pagando a conta. Sempre foi assim, e sempre vai ser assim…",
20," em muitos aeroportos , a fauna está dentro da zona aeroportuária.",
21,aves de rapina na escala 6x1.,
22,"Não sei até q ponto isso é justo, pq o aeroporto não tem culpa q os pássaros tão ali, mas alguém tem q pagar, então isso sobra p Companhias Aéreas q tbm não tem culpa, mas são responsáveis pelo avião danificado",
23," Aq no GIG o Manejo de Fauna é responsabilidade do Aeroporto e acredito q em muitos lugares tbm são assim, mas eles estão sempre em ação, então não é justo o aeroporto pagar tbm. Lembrando: Quando a reporte de pássaros na decolagem ou no pouso, eles são interrompidos e o manejo de fauna entra em ação, na maioria das beE",
24,Nas maiorias das vezes com aves de rapina,
25," sim, a ASA. Porém o aeroporto faz o levantamento dos focos atrativos (lixoes, açougues, frigoríficos, pontos de acúmulo de lixo), faz o trabalho de conscientização com a comunidade no entrono. Porém, ações contundentes é do órgão municipal/distrital/estadual. E existem meios de divulgação através de ofício e comissões de gerenciamento do risco da fauna. São itens obrigatórios do regulamento.",
26,Daqui a pouco vai querer dividir com o ibama também,
27," as companhias aereas vivem operando no vermelho, ai acontece um bird-strike, a companhia tem que assumir sozinha? Ja nao basta o pais ser o pais que mais processa companhias. Todo o modelo de aviação tem que ser revisto. Protegendo as cias, os preços diminuem.",
28,E quem tem que garantir o entorno do aeroporto é o aeroporto ou o governo?,
29,"Dentro da zona aeroportuária, responsabilidade do aeroporto. Fora da zona aeroportuária, responsabilidade do governo. Por isso o certo é trabalho conjunto e contínuo",
30, prove isso kkk,
31,"Não preciso provar, é fato. Igual processo de passageiro sobre cancelamentos por mau tempo. Isso encarece a tarifa. O mercado regula isso , é um fato kkkk. Tudo é passado ao consumidor.",
32,Qual medida o aeroporto pode tomar para evitar bird strikes?,
33,Adivinha quem ira pagar a conta .......,
34,Mais que justo afinal a Cia. Aérea paga pela operação segura e se o aeroporto não oferece isto seria no mínimo justo a divisão do prejuízo,
35,"Não é necessário ter lixo pra ter ave. O próprio tipo de ambiente dos aeroportos já é atrativo para uma infinidade de aves. Se tem água perto, vai atrair. Se tem grama, vai atrair. Se tem restinga no entorno, vai atrair. Só pea citar alguns exemplos.",
36,"Vc já paga esse prejuízo nas passagens… infraestrutura é do aeroporto, então o certo é ele pagar mesmo, investir em equipamentos, tecnologia e aves de rapina.",
37,É um problema de política pública. São vários atores atuando em conjunto. No final sempre vai ser o usuário que paga.,
38," aeroporto tem equipe de biólogos para controle de fauna, usam aves de rapina para afugentar outros passáros e outro meios desse tipo",
39,Aguarde,
40,Só querem cobrar taxas,
41,"Eu concordo totalmente,  por entre tantos motivos, os gestores dos aeroportos são responsáveis pela estrutura ( e cobram caro por cada embarque ) ; devem arcar com esse custo, já que pode ser considerado uma falha de controle e processo",
42,Controle de fauna externo é responsabilidade dos órgãos municipais e estaduais. O aeroporto faz o mapeamento e envio de ofício.,
43,"1% dos custos das companhias aéreas é referente a processos judiciais, parece pouco mas em valores isso representa 1 bilhão de reais por ano.",
44,Eu acho que você não leu o que falei… voltei três casas!,
45," bom dia, dei uma pesquisada agora, e de acordo com as informações na internet os processos são em quantidade de voos e não em quantidade de passageiros, e pelas informações demonstram que, o brasil tem o pior sistema de transporte aéreo no mundo, pois já que a comparação é pelo número de voos, e sendo as principais causas, atrasos, mudanças e cancelamento de voos, cobranças indevidas de taxas e extravio de bagagens (só sou contra processos quando o atraso é por problemas climáticos) então está demostrado a ineficiência das empresas brasileiras, já que no mundo estamos em 4º lugar no ranking mundial de voos anuais, ou seja os estados unidos que está em primeiro que tem 15% do total global de voos e o brasil com 1,2% somente, demonstra que somos um dos piores em qualidade de serviço pois dificilmente uma pessoa vai processar uma empresa se não tiver motivo sendo que, se a reclamação não tiver fundamento o passageiro vai perder, agora resta saber se, esses números de processos são somente o total ou se são só os que os passageiro tiveram exito na causa.",
46," meu jovem, se uma pessoa se sente prejudicada por algo, ela tem o direito de procurar a justiça para reaver esse dano. Não sou eu nem você que vai jugar se procede ou não. Entrar com um pleito na justiça não significa automaticamente você ganhar esse pleito. Inclusive as indenizações por danos morais são bem pífias no Brasil. Sobre a questão de “estoque de avião”, as pessoas acham que cias tem aeronave no bolso pra substituir, o que é inviável (acho que respondeu sem ler o comentário rs) mas o fato é que seja por safety ou não, isso não é responsabilidade do consumidor e se a cia não cumprir com os suportes previstos em função do tempo de atraso, e se o consumidor se sentir prejudicado, é direito dele buscar essa reparação.",
47," isso mesmo, apesar de nunca ter processado uma cia aérea (e olha que ja tive muitos motivos pra isso), é direito das pessoas recorrerem à justiça se se sentirem lesionadas e isso não vai mudar, pois é direito delas questionar (ainda bem que vivemos em um país livre). Entrar com uma causa não significa ganha-la.",
48,Óbvio que tá,
49, aí o alecrim quer ir lá e tentar ganhar 9000 por isso?,
50,Eu disse isso ?,
51,"Por favor, peço que informe o nome da empresa que tem esse anúncio para que seja denunciada. Todo o incentivo à judicialização pode e deve ser denunciado à OAB",
52,"Por favor, envie o nome da empresa que encaminharei a denúncia à OAB",
53, ta ganhando quanto pra defender as empresas aéreas bilionárias??,
54, Aqui nesse país se processa por tudo. Brasileiro tem essa mente pequena de querer ganhar e levar vantagem não importa a circunstância. E ainda querem um país melhor.. kkkkk,
55," eis o famoso ""processa por tudo"" e não entende nada com nada",
56," o consumidor também não perde um voo porque que e partir no horário contratado também é OBRIGAÇÃO da cia, repito: o atraso de um voo não é responsabilidade do cliente. Cada um com suas responsabilidades. Quem se sentir lesado tem o direito de buscar reparação e ponto. Se esse pleito é justo ou não, não é você ou eu que definimos, mas ir à justiça é um direito das pessoas. Também creio que não seja tão difícil de entender.",
57,"Se as empresas brasileiras não agissem de má fé, talvez não tivesse tanto processo. Já ouvi de atendente que não são obrigados a respeitar o código de defesa do consumidor... Se tem ganho de causa, é porque desrespeitou a lei. Não adianta reclamar depois. Se fossem reclamações infundadas, os passageiros não teriam ganho de causa.",
58," tem os dois lados; se atrasar e perder o embarque, perde o voo. Sem dor e desculpas! Então de certa forma é justo o outro lado da ""moeda"" ter algum direito. Eu idealizo que seria justo um ""acordo mais amigável para ambas as partes.",
59," com relação a informação do Brasil ser um dos países com o pior transporte aéreo com a conclusão que cheguei com base nas informações dos dados, pois se o primeiro colocado em quantidade de voos detem 15% e nós com somente 1,2% temos esta quantidade toda de processos ou seja, praticamente em 98% dos voos ocorrem problemas que algum dos passageiros precisam recorrer ao judiciário, vou citar um caso bobo que aconteceu comigo sou cliente black signature da latam, fiz a postulação do pedido de upgrade, fui o primeiro da fila até 1h antes do voo, chegou aviso que não tinha conseguido upgrade para a premium economy, porém uma amiga minha estava viajando comigo no mesmo voo, eu que tinha comprado a passagem dela, chegou na hora do embarque, ela que nem cadastro na latam tem, recebeu upgrade e eu não, é uma coisa boba, se quisesse poderia ter processado, sim pois como eu tinha tudo registrado o meu pedido de upgrade e a negativa e os cartoes de embarque da minha amiga que até na hora do embarque era assento comum, ou seja a propria cia faz o que quiser, nem ela respeita suas próprias regras, abri uma reclamação somente na latam pedindo explicações a resposta que obtive foi que nem eles sabem o motivo da minha acompanhante que nao tem cadastro na latam, que eu nao tinha feito pedido de upgrade pra ela, só pra mim, recebeu o upgrade e eu que era o primeiro da fila não",
60, *FLN*,
61,Lei de Gérson. Daí não adianta reclamar dos nossos políticos..,
62,"Coitada das grandes empresas , o consumidor sem coração está prejudicando o lucro dos empresários apenas por fazer a lei ser cumprida 😢",
63,Dou a eles a mesma atenção que eles me dão quando a mala extravia.,
64,"“Hihi, levei vantagi”",
65,"Brasil o país da vantagem, do que sabe com que está falando e etc…",
66,"Solução, ferrovia de alta capacidade e velocidade...",
67,"O país do direito esem responsabilidade na aviação. O consumidor, com ou sem direito, tem direitos.",
68,"Pelos comentários, dá pra perceber porque somos de quinta categoria.",
69,"Ou seja. Não é por isso que o BR é líder. Aliás, nem sei se é mesmo. Qual a fonte?",
70,Se criou uma leva de advogados ao estilo porta de cadeia. Mas esses são porta de aeroporto. Tem que mudar essa lei no pais de proteger só o consumidor. Anac tem regras ultrapassadas.,
71," Quem vai processar é geralmente os mais ricos. O pobre aguenta três horas sem frescura e já está acostumado com perrengue, além de não poder arcar com os custos processuais.",
72,"Acho justo, temos as passagens aéreas mais caras do planeta.",
73,"Deixando de seguir em 3,2,1",
74," já começa que brasileiro tem uma cultura merda de querer levar vantagem e passar por cima de tudo e todos a qualquer custo, quando vê um oportunidade já quer levar vantagem até em um caralho de fila, por isso que essa merda é toda errada e já nem problema político mais é nesse país. Se um voo atrasou é porque o “safety” está sendo cumprido independente do modelo de negócio ter risco, condições adversas de tempo é indiscutível né mas mesmo atrasos de manutenção não dá pra reclamar, é segurança, aviação comercial tem um padrão muito alto de manutenção deveria saber. Ter estoque de avião? Hahaha isso é ridículo nem dá pra comentar, fora que o lucro de uma companhia aérea gira em torno de 2 a 5 % ou seja só funciona porque é um serviço essencial, claro que existem casos como de overbooking, perdas de bagagem e similares que são chatos e merecem atenção agora fora isso só vejo um monte de esperto.",
75," claro que não, imagina você abrir uma lancheira, o custo para fazer o lanche é 10, você vende por 20, o cara não gosta e entra na justiça e você tem que dar para ele 2000. O que vai acontecer é que somente classe média e alta irá voar porquê esses custos serão repassados para as passagens",
76," Exatamente, devido a qualquer coisa ser processada o preço das passagens é um dos maiores do mundo.",
77,"Se for para baratear o preço das passagens eu apoio esse combate ao excesso de ações contra empresas aérea. Mas quando a gente observa uma passagem de Teresina para Fortaleza, comprada com antecedência de 30 dias, custar R$1.500,00 a gente fica meio sem acreditar na boa vontade das Cias Aérea",
78,"O congresso deveria legislar a respeito, um PL isentando as cias aéreas por atrasos e cancelamentos (ao menos por questôes de segurança) acabaria com essa balbúrdia. Falta vontade e representantes.",
79,Moro na Europa e aqui tem esse mesmo comercial.,
80,"Ue, gente?! O acesso à justiça é um direito do cidadão. Se ele considera que teve um dano e decide processar a cia buscando reparação desse dano, é um direito dele (e se a justiça considerar que não faz sentido e ele perder a causa, pagará as custas e tá tudo certo), caso contrario cabe a ela reparar o dano alegado. É o risco do negócio dela (e o custo está embutido no preço pago por todos nós). Agora numa situação oposta, se por motivos adversos à minha vontade eu me atrasar para um voo? Vcs sabem muito bem quem irá arcar com custos altíssimos por um no-show. Eu ja passei por muitos atrasos, inclusive perdendo voos subsequentes que não eram da mesma reserva… nunca me senti prejudicado a ponto de abrir uma demanda judicial pra isso, mas se algum dia acontecer de me sentir lesado, processo sem dó!",
81,"A publicação que disse que a indenização de 9 mil é certa é tão irresponsável quanto esta. A quantidade elevada de processo por si só não quer dizer que eles são procedentes. Além disso, o atraso ou cancelamento não gera uma obrigação de indenização automática, mas acontecendo uma situação dessa e as companhias não atendendo de maneira adequada, com as ações previstas pela Anac , pode sim gerar a indenização.",
82," o consumidor pagou para ser transportado e ele só quer isso. A responsabilidade por uma pane na aeronave não é dele rs a cia tem estoque de aeronaves paradas para substituir?  Claro que não, isso é inviável! mas dê o mínimo de suporte ao consumidor que já está prejudicado. (E parem de passar pano p cia aérea, fica parecendo que estão revendendo algum tipo de patrocínio pra fazer essa campanha - está bem chato)",
83,"Claro, aí processando o valor da passagem diminui!",
84," hora de vc ficar quieto, assim será um poeta 👌🏻",
85,Mais cabide de emprego chegam.,
86,"O INSS é um exemplo,os correios também,o certo é vender todas.",
87,Estatal - Nordeste - Governo (já sabem o que vai dar né?),
88, até eu vou contribuir com os kkkkkkkkkkkkkkkkkkkkkkkkkk,
89,Privatizar e reduzir o peso dos impostos ⛔  criar mais estatais para dar emprego para a companheirada? ✅,
90,"Ja sei, A Janja Canja vai ser a presidenta da estatal. Uma otima ideia pra movimentar eleitor nordestino com precinhos companheiros. Otima ideia. Governo só dá dentro.",
91, CPI Airlines kkkkkkk,
92,"Para atender bolsos regionais, isso sim.",
93,VASP mandou lembranças e correios também,
94, leu meus pensamentos.,
95,que comece o controle de quem vai e vem....,
96,Cuba brasileira,
97,Quando a piada já vem pronta,
98,"Empresas aéreas privadas, com boa governança, quadro enxuto andam no vermelho, fazendo malabarismo pra ser sustentável. Agora imagina uma estatal aérea na mão de governos, e o mais agravante governo de esquerda. Tinha é que privatizar ou extinguir a maioria das estatais!",
99,Mais um pra virar cabide de emprego.,
100,Bienvenidos a Venezuela,
101,eu conto para os tripulantes sobre a SEST ou deixo eles descobrirem sozinhos?,
102,"Reduzir os impostos da Azul, Gol, e Latam seria uma boa! Assim elas teriam mais dinheiro em caixa para ampliar a malha até os Aeroportos menores! Outro problema é que se abrirem uma estatal, vão criar mais concorrência para as companhias existentes!",
103,Aí que começa os lobby. Acabaram com as estatal agora vão criar de novo. É fácil administração da Elen presa aérea. Único jeito de começar bilionário e terminar milionário e a empresa de linha aérea no Brasil 🇧🇷. Vive de Consecao e verbas governamentais. Até dar prejuízo e a gente pagar outra conta. Isso é o populismo,
104, fica fácil de se resolver com dinheiro público,
105,Mais uma propinada aérea,
106,Mais uma fonte de “recursos” para os políticos!!!!!,
107,Do jeito que a coisa vai só assim pra suprir a demanda.,
108, Não é o governo federal. Sim dos municípios atendidos. A aviação é desenvolvimento que seja do interesse do Prefeito/Governador. Tirar o ICMS do QAv já seria um começo.,
109,"Com realidade que vivemos uma iniciativa dessa até teria pontos positivos. Mas, a realidade brasileira não deixa dúvidas de que será um antro de privilégios p grupos políticos e um ralo aberto p jorrar o dh dos pagadores de impostos, nosso dh.",
110, Vá fazer pix pra zambeli,
111, então bom deve ter sido são paulo que entregou a Sabesp para os amigos do rei,
112,🇻🇪🇻🇪🇻🇪🇻🇪,
113,"Criar uma aérea não, mas sou super a favor que o governo subsidie rotas não-rentáveis em regiões isoladas! Voei com a companhia aérea Wilderoe na Noruega e fiquei impressionado com a oferta de voos - extremamente importante pra comunidades isoladas de lá. Imagina no Brasil, que é bem maior!",
114,"É NOSSA HISTÓRIA ! Não pode, de maneira nenhuma, deixar a sociedade brasileira desconhecida de tal fato. 
A cobra segue fumando 🐍🇧🇷
Esses foram e sempre serão nossos verdadeiros HERÓIS! 🔥",
115," eu entrei na época direto pela Avianca, eu iria fazer o curso de agente porém não me recomendaram porque cada cia tem sua cultura e padrão fora os cursos que você faz internamente e pela Infraero.",
116,"Eu era agente em CGH pela Avianca e daí eu era muito comunicativo em diversos setores da empresa principalmente no D.O, fui até convidado para trabalhar lá mas não fui. Aprendi muito, fiz muitos cursos, com um ano de casa sabia mais que muitas colegas. Enfim, vivi bons tempos ali até no setor comercial no embarque de grupos, outro aprendizado. Levo e aplico a prevenção e Segurança lá aprendida.",
0,Agora tem que ser nacional tbm,neutro
35,"
Nada melhor do que ouvir quem entende do assunto! 👏👏",neutro
36, obg,neutro
498, não sabia! E faz sentido lá também,neutro
519,👏👏👏👏👏🇧🇷🇧🇷🇧🇷🇧🇷,neutro
522,👏👏👏👏👏👏,neutro
523,🇧🇷,neutro
524,🇧🇷🇧🇷👏👏👏,neutro
525,👏👏🇧🇷🇧🇷,neutro
527,🇧🇷🇧🇷🇧🇷❤️❤️👏🏽👏🏽👏🏽,neutro
528,🙏🙏,neutro
679, exatamente isso.,neutro
683,Upp,neutro
706,Isso não se encaixa na lei Maria da penha.,neutro
727," posicionamento como sempre razão pro pax, não é novidade…",neutro
735," verdade, tem uns agentes que agem como se fossem os donos do aeroporto, do avião e etc.",neutro
736," não , mas vce tem que dar uma resolução ao paciente",neutro
742,Passa o ,neutro
744,"
FAÇAM ALGUMA COISA",neutro
765, muitas vezes ficam só mulheres no portão de embarque,neutro
766, eu pedi demissão ontem por conta disso e outras questões,neutro
813,"Latam: legal, amanhã segue a escala normal.",neutro
814," , qual a previsão para leis e normas que protejam agentes de aeroportos ?",neutro
832, Uma cadeira de rodas e uma folga no dia...,neutro
836, olhem por nós.,neutro
848, a ANAC.,neutro
854, Temos previsão de uma lei mais rígida para esse tipo de caso?,neutro
877, não entendi,neutro
879,😢😢😢,neutro
910,Mds,neutro
916,Qual o apoio que a  deu a Camila?,neutro
976,Até quando? ,neutro
1018,O que está acontecendo com as pessoas?,neutro
1062, exatamente,neutro
1216, De onde vc tirou isso?,neutro
1226,esse não é o número de Embraer s na frota da Azul?,neutro
1233,Agora volta Cnf/sdu 😍😍😍,neutro
1236," não , foi vc que vendeu 😂😂😂",neutro
1241,Eu já voei nesta aeronave há alguns anos,neutro
1257,Sim é um a320,neutro
1270, claro 😂,neutro
1277, Até a assinatura,neutro
1287,Deixa eu tomar um café e volto a ler aqui,neutro
1292,Se rendeu aos Airbus,neutro
1317, EXATAMENTE ISSO 👏🏻!!!,neutro
1328,não era 50?,neutro
1337,"Talvez para compra apenas, como é leasing",neutro
1342,WTF?,neutro
1370, Lamia,neutro
1388,  maior que a Europa,neutro
1389,Quem avaliou ? O Lito ?,neutro
1482, eu tb,neutro
1525,Eu nunca entendo como fazem essas escolhas,neutro
1544,Tá parecendo mesmo,neutro
1572,Irão deixar com as cores da Transbrasil?,neutro
1575,Só no Brasil mesmo gente.,neutro
1579,O áudio bugado kkkk,neutro
1587, Boeing 767,neutro
1589,Vão fazer o que com essa aeronave histórica?,neutro
1597,"Sem os motores, ou as carenagens",neutro
1599,"E ""espera um pouquinho"" umas 300...",neutro
1611, ainda existe o PT- TAA? Ele está aonde?  E em que estado ?,neutro
1612," A Original do Arco Iria , deveria mesmo ser essa pintura",neutro
1618, olha aí vc,neutro
1619,Vai voar mesmo?,neutro
1627,Inicialmente suas asas e matrícula eram pintadas de verde.,neutro
1630,Tomara que seja água de re uso,neutro
1636,Tem certeza disso?,neutro
1637,Se precisar de ajuda para dar um banho nesse lindao eu estou aqui🙋‍♂️🤩😂,neutro
1645, gostaria de ver ele por dentro.,neutro
1648, ..olha,neutro
1659,Deve ser por isso q ela chorou 😂😂😂,neutro
1666,Foi o q pensei 👍,neutro
1667, Voo vê conexões . Voo para Disney dão de Recife ou Campinas,neutro
1670, é sobre o sonho da Júlia 😍,neutro
1673, mas o portão de embarque diz para onde o avião vai,neutro
1674,Que eu possa fazer isso para minha filha um dia 😍,neutro
1676,Júlia chorou e eu tbm ❤️❤️,neutro
1678,Prefiro Miami,neutro
1685, triste é limitar sonhos ou achar que não vale a pena.,neutro
1686, ainda tem muita coisa grátis no mundo. Uma delas é entender e respeitar sonhos alheios.,neutro
1687, mas sempre levam sonhos,neutro
1689, mas estará voltando com a realidade. Deixou de ser sonho. Só boas recordações.,neutro
1691," acorda, cara. Ninguém criticou o sonho de ninguém!!!",neutro
1692,Mas eu quero ir pra Bahia 😂😂😂😂😂😂😂,neutro
1693,"A diferença que se fosse o pessoal que vai para o nordeste nesse anúncio, seria uma festa nesse avião, ,a maioria ficou frio em relação ao que estava acontecendo",neutro
1694," Toda criança que um dia ouviu falar ou viu algo da Disney, sonha em um dia ir lá, mas talvez ela soubesse que os pais não poderiam proporcionar isso a ela, então teve um sonho mais modesto (apesar de que muitas vezes viajar para o exterior seja mais barato que aqui dentro do país).",neutro
1699,🇧🇷🇧🇷🇧🇷🇧🇷🇧🇷,neutro
1700,Prefiro o Sul 😂,neutro
1702,"E eu esperando todos baterem palma, então",neutro
1705,Caiu 10 ciscos em meus olhos 😢😢😢😢😢,neutro
1715,  corre aqui 😍,neutro
1721,"Poxa sinto muito … ser mãe as vezes tem dessas coisas , n consigo imaginar o qto deve ser difícil , eu acho que não suportaria ,viver sem falar com meu filho que tanto amo .",neutro
1729," a gol vai começar a cobrar bagagem de mão, é mole?",neutro
1730,"Achei estranho o tamanho do avião para vôo internacional,.mas talvez seja uma escala",neutro
1732," é um Embraer, provavelmente indo até Viracopos pra pegar o voo internacional",neutro
1737, vc mas a Julia quer a Disney,neutro
1738," o sonho não é seu, é dela!",neutro
1760, ninguém liga,neutro
1766,E eu,neutro
1767," eu TB e minhas filhas, mas cada um tem seu seu sonho né 😍",neutro
1788,Coisa linda!!,neutro
1796,ta eu e a Júlia chorando aqui,neutro
1798,Agora tá todo mundo chorando😂,neutro
1799,Chorei junto,neutro
1804,"Pessoal meu aniversário é em dezembro, estou aceitando esse presente 🎁 😂😂😂.",neutro
1808,Prefiro nordeste,neutro
1810,"Você , Júlia e eu kkkkk😂😂",neutro
1820,E eu! 😂,neutro
1822,Eu chorando junto 😍,neutro
1825,Quanto cobraram?,neutro
1853, não sou infantil mas sonhei por 49 anos até realizar. Valeu a pena.,neutro
1866,Ela queria mesmo é ir pro nordeste! MM que se lasque!,neutro
1873, O sonho era da Julia... 👍🏾,neutro
1883, ❤️❤️ meu tmb,neutro
1904,Onde é que clica pra curtir mil vezes?,neutro
1909, mas é a Julia que sonhou!,neutro
1912, realizando sonhos! 🩷,neutro
1921,Pow ademir... cortando cebola a essa hora não dá né... 🥲🥲🥲🥲🥲🥲🥲,neutro
1925,Os dois lugares sao maravilhosos amigo!,neutro
9071,39 milhas nauticas não kmh,neutro
9078, e o barulho??,neutro
9082, sim temos muitos bons profissionais no Brasil. Algumas medidas do governo americano vem mexendo na estrutura do sistema éreo americano. Em breve teremos mais problemas se as coisas não melhorarem. E se tratando de acidente aqui no Brasil tivemos a dois anos atrás um caso com uma viatura do aeroporto. Só pesquisar acidente do avião da Gol com viatura em pista de aeroporto.,neutro
9085,"Acho que é de bicicleta, tava tentando entrar para a Red Bull.",neutro
9089,Título correto é.  MOMENTO QUE O CAMINHÃO  ATINGE A AERONAVE,neutro
9098, o avião estava a mais de 200 km/h.,neutro
9104, *taxiando,neutro
9105,Foi a 104 mph.,neutro
9114,So se for a velocidade do carro..,neutro
9146,"Vi um relatório, 112 nós. Uns 200 km h",neutro
9147,Aéreo,neutro
9153," seriam cerca de 72 km/h, certo? Teoricamente, mais condizente com as imagens do vídeo...",neutro
9154," irmão independente, se você é e operador de uma máquina, operador de um equipamento, você tem responsabilidade sobre terceiros, se você pesquisar direitinho você vai ver isso aí, então ele é responsável sim, e se teve óbitos eles tem que responder. Pesquisa você aí",neutro
9178,Os controladores tavam fazendo o que mesmo nessa hora.,neutro
9179,"É igual atravessar a rua , agente olha para os dois lados ↔️....",neutro
9186," ele falou sim pra ele sair da pista, mas depois que ele já tinha autorizado",neutro
9193, justamente,neutro
9196,Importante que se fale sobre a carga horária desses controladores e do sucateamento da FAA,neutro
9197, mais uma vez esse tipo de acidentes com veículos de solo...,neutro
9198,"Parecido com o acidente da Latam e da Gol, a diferença é que esse foi no pouso em vez da decolagem",neutro
9214,Incursão em pista😢,neutro
9215,Aeronave estava só a 39km por hora..?,neutro
9219,"Provavelmente foi 39 knots. Jornalismo, já sabe né…",neutro
9221,"Motorista do caminhão mesmo autorizado podia ter freado , dava pra ver pô",neutro
9230, você é do NTSB?,neutro
9232,Tava mais de 100km/h falou que estava 40,neutro
9241, Fiz a mesma pergunta.,neutro
9244,  aaereabrasileira,neutro
15,Aqui na Base Aérea de Recife tem um avião desse.,neutro
16,Essas imagens devem ser divulgadas em toda a mídia!,neutro
33,"Interessante que não vemos um praça que dá o sangue pela força receber uma medalha ,sempre assim quem fica com as glórias são o alto escalão.",neutro
50,poderia haver em todo o país durante o ano ou um stream desse momento,neutro
67,Poderia haver em todo o país durante o ano ou um stream desse momento,neutro
131," ✈️ O agente de aeroporto é peça fundamental para que o voo aconteça com segurança.
Mesmo assim, seguimos sendo agredidos, desrespeitados e sem nenhuma lei que nos ampare.
📣 Isso precisa mudar!
Queremos respeito, proteção e justiça.
Não é só um trabalho, é responsabilidade com vidas!
#RespeitoNoAeroporto #AgenteDeAeroporto #SegurançaJá #ChegaDeAgressão #justiçaparaoscolaboradores",neutro
138,"Gente desculpa a ignorância.

Mas aí no Brasil vocês não podem chamar a polícia do aeroporto ? 

Na empresa que eu trabalho aqui na Europa, a gente não bate boca com pax não, gritou, saiu do limite eu tô solicitando a polícia … e tô nem aí. 

Coloco pra fora do avião com a polícia, e já vi várias vezes os agentes de aeroporto fazendo o mesmo.",neutro
176,R.I.P.,neutro
182,Vi o pouso dele no  Aeroporto Campo de Marte não usou 1/3 da pista,neutro
194,po,neutro
195,Provavelmente todos pro chile,neutro
200," de início, virão pro Brasil. E não duvido da maioria vir pra cá. O Chile não tem mercado do tamanho do Brasil. E além de Brasil e Chile, tem as outras empresas do grupo tb.",neutro
207, tá no texto que serão para o Brasil,neutro
210,Poxa já era hora de comprar aviões da Embraer,neutro
211, pelo menos os primeiros serão para operar no Brasil.,neutro
214,"Com a compra dos novos aviões da Embraer será que vão melhorar a malha aérea da Latam no Rio de Janeiro? 
Hoje a presença da Latam no Rio se restringe quase apenas a ponte aérea.",neutro
216,"Poxa ,a azul já foi considerada a melhor companhia nacional",neutro
231,"Papai era mecânico avionico na época, 17 anos dedicados a TBA que na época eu voei nas cores antigas, no auge da aviação comercial no Brasil, Varig , Vasp, TAM...só comida de verdade, bebidas importadas, destilados a bordo, um certo requinte não tão luxuoso porém para a classe comercial era top. Até hoje processo trabalhista corre na justiça desde 2001.",neutro
249," Exatamente isso meu querido,  e tinha o 927 // 926 correios noturno.  Gru. Gig. For. Mao.  Voltava como Mao. Gru. Gig. For.. abração.",neutro
250,Ao invés de apodrecerem nos patios esse incentivo com certeza empregaria e desenvolveria muitos talentos e uma aeronave com vida.,neutro
251,"por favor, mantenham a pintura original da transbrasil 😢 não botem outra",neutro
262,Precisa ser presepada tanto o avião como a história de Omar Fontana,neutro
273," Sim, eles estavam abandonados em uma área remota em Brasília. Eram 3, PT-TAA, PT-TAB e PT-TAC. Junto a eles também tinham 3 737-200 da VASP e um F-27 da TAVAJ",neutro
277,"Nunca voei nesse mas tive a honra de voar no PT-TAB em 1998 rumo à São Paulo e só soube que o prefixo era esse porque anos depois, vi na internet um 767-200 da Tranbrasil de asas na cor laranja com esse prefixo e aí liguei os pontos: Eu estava de fato em um 767-200 dessa companhia e fiquei na poltrona onde da janela vi aquela enorme asa laranja... eu tinha 18 anos na época e hoje estou com 45.",neutro
278," olha ia que blz! Quem dera, aqui no Brasil, houvessem mais iniciativas como essa!!!",neutro
279,"Cara, só em imaginar que já viajei em um desses. E hj está assim.",neutro
451, está tudo bem explicado na matéria. É só ler,neutro
453, manejo é última etapa e em comum aos órgãos públicos. Fora isso foi o que disse acima.,neutro
454,Esse eventos estão inclusos na tarifa que você paga pra viajar rs.,neutro
455,Na verdade a prefeitura deveria dividir o custo né,neutro
457,Interessante isso. Mas presumo que cada caso deva ser periciado e daí teremos uma informação bem embasada.,neutro
463,Seria perfeito,neutro
464,é bom lembrar de que lado temos que ficar!,neutro
470,Uma list de bloqueio seria ótimo.,neutro
484,Tá bom de trocar tudo pra Embraer também,neutro
491,"Tá bom, então.",neutro
492, Falou Tudo,neutro
493,Pelos comentários todos trabalham na Azul!,neutro
505, que bom que entendi errado.,neutro
534,"Amassa fácil os f15, 16 e 18.",neutro
600,Quase um tailstrike. Gosto muito daquela frase: se tudo der errado o avião pousa 😁😁😁,neutro
607, olha bem isso mesmo!,neutro
608,"Pais boca aberta, criei  os meus,já todos adultos hoje, muito, mas muito diferente!🙏 Hoje são pessoas da melhor  integridade🙏💓💓",neutro
609,Bem isso!!!,neutro
612,"Calado me deito, sem processo me levanto.",neutro
615, calado me deito. Sem processo me levanto 😂,neutro
628," só viajo de Azul se for de graça, por aí eles podem enfiar o cara aonde bem quiserem!!",neutro
629, mas foi pago (e bem) o upgrade,neutro
630," Isso mesmo que eu entendi. So estava quebrado pra ""baiana"" porque pro ""Pierre"" estava boazinha a cadeira haha Merecem o processo.",neutro
631,O que está dizendo ali na legenda? Vc leu?,neutro
641,Além de prender o dono do drone tinha que aplicar uma multa bem pesada,neutro
644,Perfeito foi preso!,neutro
645,Muito bem tem que ser preso mesmo,neutro
653,Tudo louco para chegar  em Balneário  Camburiu !!!!,neutro
654,Kkkkkkk bem isso!!,neutro
661,Ou lugar na aeronave eu gosto do corredor outros na janela .Vem a pessoa e toma seu lugar...É  bem assim te trocam de lugar. Uiiii,neutro
663,Ainda bem que foi em solo né 🤔🤔,neutro
671,Ainda bem que não foi dentro do avião 😂😂😂,neutro
672,Quem vencer senta na janela!!!,neutro
674,Bem catarinense brasileiro 😂😂,neutro
675,"Santa Catarina,  sendo Santa Catarina.  Bem europeus!",neutro
676, disse tudo,neutro
678," 82% na pesquisa de pontualidade, está entre as 10 companhias do mundo que mais cumpriram com a pontualidade dos seus voos.",neutro
681,Um drone desse com uma sexta de salvar pessoas em uma enchente ou num incêndio ajudaria muito,neutro
683,Daqui a pouco será tudo assim…,neutro
685," o drone é chinês e a regulação é igual na China, EUA e Europa",neutro
687, absolutamente tudo,neutro
688,Poderia ser usado na transamazônica,neutro
701, Seria Muito Legal Ter As Telas Touchscreen Individuais Nos Assentos Para Os Passageiros Nos Jatos Da Família Airbus A320!!!!!!!!,neutro
705,"Voei com eles pra Orlando via Bogotá no ano passado e, no geral, achei a experiência boa sim. A aeronave era nova, tudo bem conservado, o aeroporto de Bogotá é bem bonito e moderno, e o atendimento a bordo foi ok, serviram refeições durante o voo e atendeu tranquilo. A única coisa é que a poltrona da tarifa que eu peguei não reclinava, então esse foi o ponto mais chato, mas dá pra escolher uma tarifa com assento mais confortável e com reclinação se isso for prioridade. Pelo que paguei, achei um bom custo-benefício e uma opção interessante pra quem quer economizar.",neutro
706, vierem passageiros normais como vem todos os dias.,neutro
707," e apôi, mas agora tá tranquilo, conseguimos uma alternativa e ainda vamos passar uma semana em Bangcoc num hotel massa😂😂😂😂😂😂😂",neutro
709," muito obrigada pela gentileza, de me tirar dúvida... Eu entendi sobre a guerra, só não tinha entendido o porquê da lotação do avião.. mas agora já ficou bem claro muito obrigada",neutro
717,Eu vi na hora que ele passou.,neutro
718,  a muito tempo mas governo de Goiás   nunca se manifestou interesse em ampliar o aeroporto de Goiânia  e nem a prefeitura de Goiânia ,neutro
719," mas o aeroporto podia trazer uns aviões grandes diariamente pra cá, tipo A 350 ou outros",neutro
720, kkkk tranquilo irmão,neutro
722,O avião estava na preferencial,neutro
723, farol de avião é muito forte,neutro
724,Parece bem mais que os 39km/h reportados.,neutro
725,"Olá tudo bem? Então, se a torre autorizou cruzar a pista você confia na autorização, é padrão em aeroportos",neutro
6,"Eu li apenas reforcei! Como vc citou, há casos e casos.. de fato a companhia aérea tem sim de dar o suporte mas os processos são por atrasos devido a segurança do voo, aí complica",neutro
13,"Vai botar asas nos busão velhos, kkkk",neutro
14,Vamu imprega os cumpanhero! 😂,neutro
15,Sei sim 😂😂,neutro
19,Duvido,neutro
20,Nossa o cara esta na sua Propiedade e o Drone é  dele!! Qual o Problema? Se acabou a liberdade? E o direito a propriedade?,neutro
21, que aponta uma regra criada nos EUA e copiada pela ANAC 😮‍💨,neutro
22," Nossa, kkkk. Vai atrás do padre do balão... 😂😂",neutro
23,A Walmart está usando drone para fazer entregas em Orlando. Deixa o garoto se divertir.,neutro
24,"Isso abre caminhos pra oportunidade de inovação e transportar pessoas que precisam de ajuda ou resgate, enquanto isso sindicatos reprimem, Brasil invés de ir pra frente só vai pra trás, não pode dar nem um voo pequeno com habilidade, mas as pessoas podem andar de carro de boa se tiver comprado o carro",neutro
25,"Brasileiro tem que ser estudado mesmo, nem a NASA explica",neutro
26,Já vou comprar pra mim também,neutro
27,"Precisa só uma proteção, para não oferecer riscos ao piloto, vai voar em paz.",neutro
28, Desse jeito mesmo 😂😂😂 Duvido que se algumas pessoas tivessem a oportunidade não tentariam fazer o mesmo 😂😂😂😂,neutro
29, É sempre assim!!!,neutro
30,Eu tiraria o tanque e colocaria um acento no lugar para ficar mais fácil dá para levar até umas duas pessoas aí brincando,neutro
31,Tem dita regra é quem tá no mato quem precisa vai quem manda é os garotos pede para o Alexandre de Moraes dá 24 horas para o cara explicar isso aí kkkkk,neutro
32,Quem denunciou deve estar com problema em casa com o Marido.,neutro
33,Menino e um gênio 😂,neutro
34,Qual o link pra comprar esse Drone?,neutro
35,Eu tinha certeza que daria merd@...,neutro
36,IFOOD 🔥,neutro
37, e agora? Se a moda pega kk,neutro
38,Esse já fez seu carro voador!,neutro
39,"Kkkkkkk o cara faz isso no PRÓPRIO drone em terreno PARTICULAR, colocando em risco apenas a própria vida. Mesmo que seja uma atitude arriscada e irresponsável, que por si só já percebemos que é perigoso, não faz sentido essa denuncia e repúdio indevido, me parecem de caráter punitivo. O pior, a menos que a União tenha controle do espaço aéreo a 5 metros do chão, essa denuncia não tem pé e nem cabeça.",neutro
40,Bla bla bla ...a alguns todo rigor a outros toda benevolência da lei ...,neutro
41,Os Jetsons tinham razão...,neutro
42,Mas o rapaz teve uma ideia que pode revolucionar o uso dos drones.,neutro
43,E ele vai junto com o veneno usado nas lavouras 😂😂😂,neutro
44," cara, isso pode incentivar outras pessoas a fazerem a mesma coisa...",neutro
45," livre arbítrio.  Eu vou comprar um.  Quero ver se funciona mesmo.  Eu tenho helicópteros, mas quero ver se isso funciona.  As regras ???? Eu mesmo crio as minhas baseadas em minha experiências na aviação.  Mudar assento com barras de alumínio T6 na parte inferior , deixando as hélices acima do piloto, instalar para quedas balístico p caso de emergência, o fixar painel.  Bora voar.",neutro
46,É hora de patentear essa sua invenção rapaz inteligente 👏👏👏,neutro
47,Tu acredita mesmo nisso? 😂,neutro
48,"Deixa o rapaz em paz.
Só ele sabe a necessidade , se eu tivesse também eu ia pra todo canto.",neutro
49,"Como estão as cobranças no Banco Master , INSS e Correios? Com as mesmas forças e textão gigante ? Obs. PS. Só uma dúvida!!!!",neutro
50,Eu vou comprar um tirar o tanque adaptar uma cadeira,neutro
51,Já quero um !!!!,neutro
52,China !?? Cadê os de transporte humanos ??,neutro
53,Já quero 1,neutro
54,"  eeeeh,  Uereé quer voar",neutro
55,"Dedé, quase um, aquele foi no 14 BIS esse fez  BIS no drone😂😂😂",neutro
56,Mesmo prq qm opera  drone é  outro drone,neutro
57, vi *,neutro
58,Enquanto não aprenderem a parar de postar na internet...,neutro
59,Uma pergunta! Nós temos livre arbítrio mesmo?,neutro
60,E o ET de Varginha?,neutro
61,"Cheio de teco teco por aí voando altíssimo, mas a anac está preocupada com o João a 3m do solo",neutro
62,"Já estou procurando um pra comprar, quero nem saber kkkk",neutro
63, isso,neutro
64,"Querem ganhar dinheiro dd qq jeito, , deveria e se preocupar com outros caso",neutro
65,Concordo vom vc,neutro
66,Resumindo: é só não filmar e continuar fazendo!,neutro
67, adaptou? É um drone agrícola!,neutro
68,Fala que é IA 😂😂😂😂,neutro
69,O Fux e o Nikolas...,neutro
70,A meu ovo,neutro
71,Bla bla bla bla bla,neutro
72, LEIA PARA-QUEDAS,neutro
73,Anac ta com tempo!,neutro
74,Tem coragem de mamar em onça,neutro
75,Os carros voadores chegaram,neutro
76,"A reunião foi em um hotel em Curitiba , bairro batel",neutro
77," vai nos avisando, Coach",neutro
78,Veio de Sydney direto?,neutro
79,Quantas😂,neutro
80,"Agora são 2 A380 em GRU, cabem ?",neutro
81,a quantas volta aqui só com A350-1000 parece,neutro
82,E os drones,neutro
83,Vai fazer a linha São Paulo/Sydney,neutro
84,Trouxe equipamentos para o Show do AC/DC em São Paulo,neutro
85,Ja imaginaram semanalmente em Guarulhos 😍,neutro
86,O AC/DC tá nele,neutro
87,Me fala uma coisa como faço pra chegar aí nesse ponto pra ter uma vista espetacular assim,neutro
88,E eu achando que ela já estava se preparando para devolver os 319,neutro
89," acho que conforme chegue os novos A320-21, ela vá utilizar para rotas de mais curta distância.",neutro
90, azul tem nos Airbus e também nos Embraer.,neutro
91,Falta só reclinar os bancos 😂,neutro
92,O cara ali com os braços cheios de dinheiro. Dá de comprar uma bala juquinha 😐,neutro
93, aqui fariam o mesmo🙄,neutro
94,Latinidade,neutro
95,Caiu lá ou aqui no Brasil???,neutro
96, sim estão,neutro
97,Ficaram 3 A380 mas já voaram,neutro
98,São só os aviões que estão aqui.,neutro
99,Assim mesmo...🤭,neutro
100, se eu to falando é pq eu sei né,neutro
101,Estão Falando em 30K Por Dia Só pra Ficar Estacionados em Guarulhos São 2 A380,neutro
102,  isso é  estratégia,neutro
103, aquele ali é 777-200 e nao 777-300,neutro
104,O a380 está lá no final,neutro
105,Os alvos estão chegando...,neutro
106, vai EUA,neutro
107,Mais a Emirates que voltou tbmm,neutro
108, todas as capitais?,neutro
109, viracopos em campinas também tem suporte para esses aviões.  Sempre que barco por lá tem alguns aviões enormes de outro país.,neutro
110,"O cara tá explicando no vídeo o motivo ,e o povo quer saber mais do q eles,a maioria q tá comentando nem mora em Guarulhos p saber como tá o aeroporto por conta dessa guerra",neutro
111, refugiados aéreos?!?!? 😂😂😂,neutro
112,Guarulhos todo mundo passa por aqui 🔥,neutro
113,Ou melhor todo O MUNDO passa aqui,neutro
114,"Sim, até a abertura dos aeroportos de Dubai e Doha.",neutro
115,E no aeroporto??😮,neutro
116," Todo o espaço aéreo do Oriente Médio está fechado, e o Catar tem bases americanas",neutro
117," Guarulhos, Galeão, Brasília, Confins, Curitiba, Viracopos",neutro
118,3 A350 e 1 777-300,neutro
119,"Imagine como está Heathrow, CDG, JFK",neutro
120, aqui em SBPV por exemplo sem chance amigo,neutro
121,* foram vistos,neutro
122,Que venha em Curitiba hospedar  ,neutro
123,Ainda irei voar em um desses,neutro
124, os dois estão lá,neutro
125,Temos aeroportos em vários estados que recebem esse tipo de aeronave,neutro
126,Espero que todos venham pra cá em morem em Balneário Camboriú,neutro
127,Que fiquem mais tempo por aqui gastando seus dinheiro s,neutro
128,tem rio campinas e brasilia,neutro
129, tem dois a380.!!,neutro
130,Haja pátio.,neutro
131," O daqui (Fortaleza) era para receber, pois a pista é enorme, fora que é uma ""reta"" p Europa.",neutro
132," Brasil, Coração do Mundo ""Chico Xavier""",neutro
133,Esses aviões saíram todos de GRU?,neutro
134,Tem 4 em Campinas,neutro
135,Manda pra confins ,neutro
136, a350 1000 and  777 200,neutro
137, campinas tbm pode ajudar,neutro
138," são aviões que fazem viagem diária, a diferença que estão todos ao mesmo tempo em solo. O A 380 passa todos os dias para desembarcar por volta das 17h. Aqui ver eles é o nosso normal diário",neutro
139, algo normal. A diferença que os dois estão em solo ao mesmo tempo. Um deles passa todos os dias às 17h,neutro
140," o de São Luís ja recebeu um A380 ano passado, eu acho que tem porte kkkk",neutro
141,E mais 2 A388 da Emirates,neutro
142, Sim é o único com essa capacidade!,neutro
143,Quero saber onde vão indicar tanto avião,neutro
144, é um A350,neutro
145,Provavelmente sim,neutro
146,Vieram 2 A380 👏👏🔥🔥,neutro
147,"Alguns bilhões da mesma ""firma"" nesse vídeo 😂😂😂😂",neutro
148,os dois vão,neutro
149,"Ao menos, seguros",neutro
150,"Obrigada pela informação.. eu entendi que tinha alguma coisa a ver com a guerra, só não porque é da lotação dos aviões... Obrigada por sanar minhas dúvidas.",neutro
151,"Tem dois A380 da Emirates também, aí em Guarulhos.",neutro
152,"Pelo visto vão permanecer um bom tempo, tem Viracopos e Galeão para armazenar uma parte dessa frota ...",neutro
153,Sim...as aeronaves ja retornaram ao Brasil!,neutro
154,Só tem esse aeroporto desse porte no Brasil? Pra ajudar?,neutro
155, é um A350-1000,neutro
156,Manda uns aqui pra Brasília,neutro
157,Amigo como faz pra chegar no Morrinho?,neutro
158,os 2 A380 Acredito Que Vão Ficar Parados em Guarulhos Por Alguns Dias,neutro
159,Sério?,neutro
160, Todas as capitais do Brasil podem receber estes aviões.,neutro
161,Alguém tem as matrículas?,neutro
162,E tem 2 a380 da Emirates lá hoje também,neutro
163,Inclusive esse one Word arremeteu,neutro
164,Ele arremeteu eu gravei,neutro
165,Aí é um A350 né?,neutro
166,Aeroporto de Dubai foi atacado,neutro
167,Não entendi o sentindo? Alguém me explica por favor,neutro
168," sim, a350-1000",neutro
169, posta aí mano por favor,neutro
170,Mais os dois A380 da Emirates.,neutro
171,Vcs precisam rever os preços dos voos nacionais,neutro
172,Prioridade total no oferecimento da 🍊 nessas rotas.,neutro
173,Hj tem live do piruLITO 😢,neutro
174, eu não expressei corretamente. Digo os motoristas dos caminhões 😢,neutro
175,Os motoristas dos caminhões.,neutro
176,"E tem brasileiro que elogia o atual governo dos EUA. Parece ser o ""bicho da goiaba"" do planeta. É trapalhada e caos pra todo lado. Inclusive com a guerra contra o Irã.🤷",neutro
177, era só o avião dar umas piscadas de luz alta😁,neutro
178,O bombeiro: temos prioridade no trânsito!!,neutro
179, ele tinha sido liberado a cruzar a pista pela torre de controle,neutro
180,O caminhão foi atropelado por um avião 😢,neutro
181,"Sei lá independente de autorização, deveria ter um pare obrigatório.",neutro
182, tu leu o texto antes de comentar? Aparentemente erro da Torre de Comando.,neutro
183,É goianiense? N respeita a preferencia,neutro
184, nesse vídeo da pra ouvir ele autorizando a cruzar a pista,neutro
185, nem isso. Parece uma velocidade alta ainda em desaceleração.,neutro
186,Trump diminuiu o número de funcionários,neutro
187, so havia um controlador pro espaco aereo e operacoes em terra. Tem falhas em varios quesitos. A culpa nao é exclusiva do controlador. Da uma pesquisada aj sobre,neutro
